Model,TV,Radio,Newspaper,Predicted_Sales
Linear,200,40,30,19.575606431481972
Linear,150,25,15,14.459788029410003
RandomForest,200,40,30,20.27899999999999
RandomForest,150,25,15,15.194999999999988
Ridge,200,40,30,19.54022231778905
Ridge,150,25,15,14.45160032982712
Lasso,200,40,30,19.434154355254584
Lasso,150,25,15,14.490545920237514
